City_ID,City,Lat,Lng,Max Temp,Humidity,Cloudiness,Wind Speed,Country,Date
0,puerto ayora,-0.7393,-90.3518,87.76,81,83,8.01,EC,1680117030
1,qandala,11.472,49.8728,83.57,74,10,5.68,SO,1680117030
2,palmer,42.1584,-72.3287,55.51,31,75,9.22,US,1680117030
3,victoria,22.2855,114.1577,71.2,91,100,8.99,HK,1680116777
4,nadym,65.5333,72.5167,5.07,93,96,18.92,RU,1680117030
5,guerrero negro,27.9769,-114.0611,64.94,46,0,15.9,MX,1680117031
6,ponta do sol,32.6667,-17.1,77.72,52,20,2.73,PT,1680117031
7,bredasdorp,-34.5322,20.0403,58.96,70,39,5.59,ZA,1680117031
8,atasu,48.6814,71.6433,38.5,71,2,7.9,KZ,1680117031
9,kruisfontein,-34.0033,24.7314,57.33,76,59,14.16,ZA,1680117031
10,omaha,41.2586,-95.9378,42.53,45,75,12.66,US,1680117031
11,narsaq,60.9167,-46.05,37.62,68,13,0.67,GL,1680117031
12,vaini,-21.2,-175.2,73.56,94,40,2.3,TO,1680117031
13,namatanai,-3.6667,152.4333,78.39,83,97,3.6,PG,1680117031
14,brandfort,-28.7001,26.4597,63.19,34,5,6.93,ZA,1680117032
15,broome,42.2506,-75.833,53.53,38,40,13.0,US,1680117032
16,rikitea,-23.1203,-134.9692,79.39,77,59,6.62,PF,1680117032
17,hambantota,6.1241,81.1185,79.48,73,51,5.64,LK,1680117032
18,bathsheba,13.2167,-59.5167,84.81,54,20,19.57,BB,1680117032
19,ewa beach,21.3156,-158.0072,80.55,79,20,17.27,US,1680117032
20,port alfred,-33.5906,26.891,61.18,69,100,5.99,ZA,1680117032
21,ushuaia,-54.8,-68.3,40.66,56,40,17.27,AR,1680116808
22,saldanha,-33.0117,17.9442,61.36,77,100,20.74,ZA,1680117033
23,punta arenas,-53.15,-70.9167,44.62,56,40,5.75,CL,1680117033
24,busselton,-33.65,115.3333,60.24,69,88,14.09,AU,1680117033
25,pontianak,-0.0333,109.3333,75.18,100,100,2.3,ID,1680117033
26,chuy,-33.6971,-53.4616,83.64,47,28,7.65,UY,1680117033
27,pevek,69.7008,170.3133,-0.18,98,100,4.88,RU,1680117033
28,izhma,65.0083,53.9113,5.59,99,77,4.07,RU,1680117034
29,sarangani,5.4033,125.4636,80.85,75,97,5.97,PH,1680117034
30,turbat,26.0023,63.044,75.13,50,91,7.81,PK,1680117034
31,bjornevatn,69.6672,29.9847,28.02,86,100,14.97,NO,1680117034
32,nalut,30.3333,10.85,67.53,29,4,11.12,LY,1680117034
33,dikson,73.5069,80.5464,-3.8,99,100,5.3,RU,1680117034
34,longyearbyen,78.2186,15.6401,8.44,78,40,2.3,SJ,1680117035
35,la palma,33.8464,-118.0467,59.5,86,100,11.5,US,1680117035
36,harper,4.375,-7.7169,80.82,83,11,8.9,LR,1680117035
37,esperance,-33.8667,121.9,59.76,84,100,9.69,AU,1680117036
38,klaksvik,62.2266,-6.589,40.12,97,100,40.51,FO,1680117036
39,pringsewu,-5.3582,104.9744,72.9,97,90,1.32,ID,1680117036
40,taoudenni,22.6783,-3.9836,92.43,7,2,13.94,ML,1680117036
41,upernavik,72.7868,-56.1549,-11.47,84,32,7.61,GL,1680116907
42,cherskiy,68.75,161.3,-23.22,100,97,2.17,RU,1680117037
43,abeokuta,7.15,3.35,85.33,64,45,9.33,NG,1680116871
44,kapaa,22.0752,-159.319,72.19,93,94,13.65,US,1680117037
45,hilo,19.7297,-155.09,78.28,90,100,5.75,US,1680116748
46,camacha,33.0833,-16.3333,67.42,64,0,12.66,PT,1680117037
47,mataura,-46.1927,168.8643,41.49,84,10,3.78,NZ,1680117037
48,kodiak,57.79,-152.4072,36.91,81,100,6.91,US,1680116998
49,ilulissat,69.2167,-51.1,12.22,48,0,3.44,GL,1680117037
50,chimbote,-9.0853,-78.5783,82.85,65,76,10.63,PE,1680117038
51,cabo san lucas,22.8909,-109.9124,82.62,47,40,4.61,MX,1680116835
52,tasiilaq,65.6145,-37.6368,21.36,73,8,0.22,GL,1680117038
53,albany,42.6001,-73.9662,56.03,33,96,5.01,US,1680117038
54,sao domingos do maranhao,-5.5758,-44.3853,79.45,90,100,3.33,BR,1680117038
55,hobart,-42.8794,147.3294,55.26,76,100,17.27,AU,1680116877
56,sao desiderio,-12.3633,-44.9733,81.99,53,92,5.55,BR,1680117039
57,udachnyy,66.4167,112.4,-4.18,99,100,4.45,RU,1680117039
58,palu,-0.8917,119.8707,75.16,97,90,2.39,ID,1680117039
59,atuona,-9.8,-139.0333,80.74,76,82,16.02,PF,1680117039
60,severo-kurilsk,50.6789,156.125,30.38,62,7,6.51,RU,1680117040
61,katsuura,35.1333,140.3,53.56,80,22,2.84,JP,1680117040
62,chara,56.9064,118.2631,15.13,59,85,2.59,RU,1680116991
63,san cristobal,7.7669,-72.225,78.85,53,100,4.63,VE,1680116951
64,sao filipe,14.8961,-24.4956,78.3,57,100,8.16,CV,1680117040
65,padang,-0.9492,100.3543,76.62,89,98,0.94,ID,1680117041
66,barrow,71.2906,-156.7887,5.02,78,100,11.5,US,1680117041
67,cockburn town,21.4612,-71.1419,77.7,69,0,11.05,TC,1680117041
68,paamiut,61.994,-49.6678,19.29,66,9,5.41,GL,1680117041
69,cidreira,-30.1811,-50.2056,80.98,70,0,11.39,BR,1680117042
70,tuktoyaktuk,69.4541,-133.0374,-2.72,94,78,5.84,CA,1680117042
71,ilirska bistrica,45.5697,14.2408,47.86,97,12,5.08,SI,1680117042
72,pacific grove,36.6177,-121.9166,53.67,81,100,13.0,US,1680117042
73,arraial do cabo,-22.9661,-42.0278,84.06,65,0,14.97,BR,1680117042
74,araouane,18.9048,-3.5265,88.93,8,0,10.33,ML,1680117042
75,champagnole,46.7445,5.9135,58.57,50,100,6.31,FR,1680117043
76,half moon bay,37.4636,-122.4286,51.84,88,75,11.5,US,1680117043
77,san carlos de bariloche,-41.1456,-71.3082,47.95,40,20,25.32,AR,1680117043
78,airai,-8.9266,125.4092,59.27,86,100,1.92,TL,1680117043
79,cam ranh,11.9214,109.1591,76.96,88,20,2.3,VN,1680117043
80,geraldton,-28.7667,114.6,73.81,78,40,20.71,AU,1680117043
81,cape town,-33.9258,18.4232,61.92,73,66,8.01,ZA,1680117001
82,qaanaaq,77.484,-69.3632,-7.19,71,88,5.14,GL,1680117044
83,hithadhoo,-0.6,73.0833,82.56,75,74,6.31,MV,1680117044
84,thompson,55.7435,-97.8558,22.21,86,100,8.68,CA,1680117006
85,touros,-5.1989,-35.4608,83.19,67,5,10.0,BR,1680117044
86,faranah,10.0404,-10.7434,83.19,56,84,9.53,GN,1680117044
87,khatanga,71.9667,102.5,-24.68,100,98,2.06,RU,1680117044
88,kungurtug,50.5994,97.5228,22.44,81,2,2.86,RU,1680117045
89,luanda,-8.8368,13.2343,80.8,79,16,10.96,AO,1680117045
90,berlevag,70.8578,29.0864,30.2,93,75,23.02,NO,1680117045
91,kavieng,-2.5744,150.7967,81.18,76,96,4.76,PG,1680117045
92,raga,8.4596,25.678,82.72,20,100,2.73,SS,1680117046
93,soc trang,9.6033,105.98,77.94,81,100,4.32,VN,1680117046
94,okha,53.5739,142.9478,24.28,90,98,8.12,RU,1680117046
95,bluff,-46.6,168.3333,41.81,74,13,14.65,NZ,1680117046
96,hays,30.0502,-98.0336,69.64,57,100,1.99,US,1680117046
97,bengkulu,-3.8004,102.2655,76.05,88,95,4.76,ID,1680117046
98,mount gambier,-37.8333,140.7667,51.1,92,34,4.27,AU,1680117046
99,serebryanyy bor,56.8,124.8,-6.25,100,46,2.39,RU,1680117047
100,krasnoselkup,65.7,82.4667,-4.58,99,95,8.75,RU,1680117047
101,timoteo,-19.5825,-42.6444,82.94,62,99,4.32,BR,1680117047
102,krasnovishersk,60.4078,57.082,19.36,90,93,3.29,RU,1680117048
103,bethel,41.3712,-73.414,56.59,33,0,6.91,US,1680116912
104,surgut,61.25,73.4167,19.58,85,75,15.99,RU,1680117048
105,waipawa,-41.4122,175.5153,48.67,88,100,25.99,NZ,1680117048
106,norman wells,65.282,-126.8329,14.38,80,59,4.63,CA,1680117049
107,new norfolk,-42.7826,147.0587,54.91,77,100,3.0,AU,1680117049
108,lompoc,34.6391,-120.4579,57.85,67,45,13.0,US,1680117049
109,nikolskoye,59.7035,30.7861,28.29,92,100,8.1,RU,1680117050
110,tiruchchendur,8.4833,78.1167,82.13,77,100,6.78,IN,1680117050
111,hermanus,-34.4187,19.2345,55.8,75,42,1.68,ZA,1680117050
112,katangli,51.7102,143.2326,23.85,86,100,4.79,RU,1680117050
113,muzaffarpur,26.1167,85.4,77.04,22,97,5.77,IN,1680117050
114,martaban,16.5314,97.6111,79.32,65,22,4.09,MM,1680116884
115,vao,-22.6667,167.4833,76.26,76,58,8.28,NC,1680117050
116,avarua,-21.2078,-159.775,78.85,83,100,3.44,CK,1680117051
117,ternate,0.8,127.4,79.77,80,98,8.3,ID,1680117051
118,katherine,-14.4667,132.2667,73.72,83,59,4.61,AU,1680117051
119,merauke,-8.4667,140.3333,77.77,87,99,3.49,ID,1680117051
120,thaba nchu,-29.2093,26.839,59.02,30,69,6.82,ZA,1680117051
121,fiche,9.8,38.7333,54.5,71,73,4.21,ET,1680117051
122,jijiga,9.35,42.8,66.18,77,18,1.97,ET,1680117051
123,daru,-9.0763,143.2092,78.17,88,100,6.71,PG,1680117052
124,pitea,65.3172,21.4794,14.09,92,22,6.49,SE,1680117052
125,sitka,57.0531,-135.33,40.89,65,0,16.11,US,1680117052
126,butaritari,3.0707,172.7902,80.89,81,99,15.03,KI,1680117052
127,abu samrah,35.3029,37.1841,49.59,59,11,24.67,SY,1680117052
128,algiers,36.7525,3.042,61.03,64,6,6.46,DZ,1680116978
129,chokurdakh,70.6333,147.9167,-28.17,100,99,6.22,RU,1680117052
130,san jeronimo,-11.9472,-75.2829,59.76,62,100,7.29,PE,1680117053
131,maldonado,-34.6667,-54.9167,81.79,45,8,9.6,UY,1680117053
132,tuatapere,-46.1333,167.6833,34.9,92,49,4.59,NZ,1680117053
133,maloy,61.9353,5.1136,37.13,68,22,5.91,NO,1680117053
134,la ronge,55.1001,-105.2842,30.61,90,100,8.32,CA,1680117054
135,angouleme,45.65,0.15,68.95,45,0,9.22,FR,1680117054
136,golden,39.7555,-105.2211,56.77,35,40,10.36,US,1680117054
137,saskylakh,71.9167,114.0833,-21.26,100,96,3.96,RU,1680117054
138,georgetown,5.4112,100.3354,78.73,89,20,2.3,MY,1680117055
139,along,28.1667,94.7667,57.9,85,91,2.42,IN,1680116828
140,saint anthony,45.0205,-93.218,27.66,39,0,8.05,US,1680117055
141,maningrida,-12.0667,134.2667,75.49,90,100,6.4,AU,1680117055
142,coquimbo,-29.9533,-71.3436,67.73,72,20,14.97,CL,1680116925
143,mar del plata,-38.0023,-57.5575,69.1,53,40,16.11,AR,1680117055
144,jamestown,42.097,-79.2353,47.52,43,75,21.85,US,1680116863
145,moron,-34.6534,-58.6198,76.69,60,76,9.86,AR,1680117056
146,saint-joseph,-21.3667,55.6167,77.38,80,80,10.47,RE,1680117056
147,mahebourg,-20.4081,57.7,79.25,80,99,13.02,MU,1680117056
148,north bend,43.4065,-124.2243,56.91,56,0,4.61,US,1680117056
149,bowen,-20.0167,148.2333,77.59,82,24,2.44,AU,1680117056
150,diffa,13.3154,12.6113,82.85,12,53,6.51,NE,1680117056
151,bambous virieux,-20.3428,57.7575,79.21,80,100,13.47,MU,1680117057
152,polunochnoye,60.8697,60.4153,9.18,95,9,3.76,RU,1680117057
153,faanui,-16.4833,-151.75,82.45,74,93,10.02,PF,1680117057
154,santa rosa,14.3122,121.1114,79.11,85,100,4.56,PH,1680116919
155,janakpur,26.7183,85.9065,74.95,23,66,3.53,NP,1680117057
156,colares,38.7992,-9.4469,66.33,78,20,11.99,PT,1680117058
157,coihaique,-45.5752,-72.0662,48.15,66,75,6.91,CL,1680116878
158,khromtau,50.2503,58.4347,35.53,91,100,25.46,KZ,1680117058
159,tartagal,-22.5164,-63.8013,90.88,51,6,3.65,AR,1680117058
160,aklavik,68.2191,-135.0107,9.14,85,6,11.97,CA,1680117058
161,port elizabeth,-33.918,25.5701,60.31,76,42,8.01,ZA,1680117058
162,cayenne,4.9333,-52.3333,82.44,74,100,12.66,GF,1680117058
163,belyy yar,53.6039,91.3903,35.49,64,0,0.0,RU,1680117058
164,clyde river,70.4692,-68.5914,5.07,91,95,2.28,CA,1680117059
165,tucuman,-26.8241,-65.2226,89.6,58,40,6.91,AR,1680117059
166,kieta,-6.2167,155.6333,77.86,87,100,3.91,PG,1680117059
167,hofn,64.2539,-15.2082,37.11,98,100,27.34,IS,1680117060
168,paris,48.8534,2.3488,68.18,56,0,11.5,FR,1680117013
169,omboue,-1.5746,9.2618,76.48,82,100,5.41,GA,1680117060
170,abu dhabi,24.4667,54.3667,77.95,57,0,9.22,AE,1680116789
171,port augusta,-32.5,137.7667,58.78,78,8,6.2,AU,1680117060
172,mahina,-17.5065,-149.489,85.77,66,75,11.5,PF,1680117061
173,fortuna,40.5982,-124.1573,57.34,58,100,1.99,US,1680117062
174,tura,25.5198,90.2201,68.76,75,66,4.52,IN,1680117062
175,canico,32.6333,-16.85,77.72,67,20,3.44,PT,1680117063
176,constitucion,-35.3333,-72.4167,65.37,50,6,18.43,CL,1680117063
177,hasaki,35.7333,140.8333,52.29,74,91,3.36,JP,1680117063
178,yulara,-25.2406,130.9889,69.8,46,66,13.33,AU,1680117063
179,saint george,37.1041,-113.5841,63.25,25,0,11.5,US,1680116939
180,olafsvik,64.8945,-23.7142,34.47,96,100,18.72,IS,1680117064
181,raudeberg,61.9875,5.1352,36.27,68,13,6.31,NO,1680117064
182,atar,20.5169,-13.0499,94.6,5,0,6.02,MR,1680117064
183,evensk,61.95,159.2333,-3.62,90,27,6.69,RU,1680117065
184,ribeira grande,38.5167,-28.7,63.0,82,20,25.01,PT,1680117065
185,montepuez,-13.1256,38.9997,69.64,99,100,4.9,MZ,1680117066
186,saint-augustin,51.226,-58.6502,34.61,74,100,7.23,CA,1680117066
187,revda,56.801,59.9303,23.52,89,14,3.42,RU,1680117066
188,fairbanks,64.8378,-147.7164,26.82,63,100,2.3,US,1680116816
189,ko samui,9.5357,99.9357,82.72,70,99,5.23,TH,1680117066
190,tiksi,71.6872,128.8694,-22.79,100,80,7.07,RU,1680117067
191,acurenam,1.0322,10.6488,67.24,97,100,1.48,GQ,1680117067
192,el jicaro,14.9167,-89.9,92.73,27,0,5.53,GT,1680117067
193,cairns,-16.9167,145.7667,77.07,100,68,0.0,AU,1680116811
194,juba,4.8517,31.5825,74.82,74,100,8.34,SS,1680117068
195,ixtapa,20.7,-105.2,74.43,69,100,8.05,MX,1680116809
196,iberia,29.9502,-91.7507,58.98,67,100,10.36,US,1680117068
197,richards bay,-28.783,32.0377,69.67,88,97,9.91,ZA,1680117068
198,staryy nadym,65.6118,72.6842,5.04,93,93,18.28,RU,1680117068
199,souillac,-20.5167,57.5167,78.49,81,100,11.7,MU,1680117068
200,tilichiki,60.4667,166.1,15.42,91,100,5.95,RU,1680117069
201,bodden town,19.2833,-81.25,84.2,65,20,8.05,KY,1680117069
202,east london,-33.0153,27.9116,65.25,62,100,17.74,ZA,1680117069
203,labuhan,-6.8844,112.2051,78.76,86,100,5.41,ID,1680117069
204,tigil,57.8,158.6667,3.0,97,91,5.91,RU,1680117070
205,kindu,-2.95,25.95,75.2,83,79,2.08,CD,1680117070
206,mangan,27.5167,88.5333,61.63,63,94,4.34,IN,1680117071
207,vostok,46.4856,135.8833,30.04,79,83,6.04,RU,1680117071
208,ancud,-41.8697,-73.8203,53.76,57,88,10.71,CL,1680117071
209,carndonagh,55.25,-7.2667,52.25,89,100,10.51,IE,1680117071
210,bubanza,-3.1167,29.4,68.05,90,95,2.53,BI,1680117072
211,castro,-24.7911,-50.0119,78.31,64,56,4.54,BR,1680117072
212,ipixuna,-1.7625,-48.8043,79.99,81,83,5.73,BR,1680117072
213,baruun-urt,46.6806,113.2792,36.46,52,6,1.92,MN,1680117072
214,san patricio,28.017,-97.5169,71.87,68,100,10.13,US,1680117073
215,port hedland,-20.3167,118.5667,84.25,79,100,11.5,AU,1680117073
216,pafos,34.7667,32.4167,55.18,58,75,4.61,CY,1680117073
217,hovd,48.0056,91.6419,39.9,34,100,3.4,MN,1680117074
218,okhotsk,59.3833,143.3,16.29,96,100,6.17,RU,1680117074
219,torbay,47.6666,-52.7314,37.38,87,99,8.99,CA,1680117074
220,sao joao da barra,-21.6403,-41.0511,86.09,75,94,9.37,BR,1680117074
221,beringovskiy,63.05,179.3167,19.06,93,100,9.84,RU,1680117074
222,sambava,-14.2667,50.1667,78.78,84,98,6.76,MG,1680117074
223,zeya,53.75,127.2667,21.74,85,100,7.67,RU,1680117075
224,iqaluit,63.7506,-68.5145,2.93,77,75,21.85,CA,1680117075
225,los llanos de aridane,28.6585,-17.9182,73.15,47,0,10.36,ES,1680117076
226,yellowknife,62.456,-114.3525,15.57,61,100,5.01,CA,1680117076
227,enna,37.5588,14.2892,45.54,91,99,4.68,IT,1680117076
228,lavrentiya,65.5833,-171.0,18.75,95,100,12.68,RU,1680117076
229,sao cristovao,-11.0147,-37.2064,84.11,65,75,13.8,BR,1680116929
230,barra do bugres,-15.0725,-57.1811,90.01,55,43,4.41,BR,1680117076
231,nantucket,41.2835,-70.0995,46.54,49,0,9.22,US,1680116982
232,saint-philippe,-21.3585,55.7679,78.39,79,91,9.86,RE,1680117076
233,olinda,-8.0089,-34.8553,78.53,83,75,8.05,BR,1680117077
234,upata,8.0086,-62.3989,93.58,28,85,4.65,VE,1680117077
235,comodoro rivadavia,-45.8667,-67.5,60.66,25,0,21.85,AR,1680117077
236,anzio,41.4853,12.6179,56.44,70,20,5.97,IT,1680117077
237,xalpatlahuac,17.4667,-98.6167,84.22,28,12,4.38,MX,1680117077
238,channel-port aux basques,47.5702,-59.1367,34.34,77,100,9.01,CA,1680117077
239,aguimes,27.9054,-15.4461,81.23,14,0,21.85,ES,1680117077
240,lysyye gory,51.5506,44.8414,47.82,74,100,6.98,RU,1680117078
241,attur,11.6,78.6167,77.79,79,5,3.53,IN,1680117027
242,talara,-4.5772,-81.2719,84.96,70,40,11.5,PE,1680117078
243,kalat,29.0225,66.5916,47.55,78,38,2.98,PK,1680117078
244,karratha,-20.7377,116.8463,82.67,75,100,15.95,AU,1680117078
245,minab,27.1467,57.0801,73.35,64,0,6.04,IR,1680117078
246,marsa matruh,31.3525,27.2453,56.95,53,5,15.55,EG,1680117078
247,jumla,29.2747,82.1838,43.9,87,76,1.39,NP,1680117079
248,talnakh,69.4865,88.3972,-18.26,100,100,6.02,RU,1680117079
249,kaitangata,-46.2817,169.8464,44.47,73,86,6.44,NZ,1680117079
250,corsicana,32.0954,-96.4689,64.26,64,75,5.75,US,1680117079
251,kalmunai,7.4167,81.8167,76.32,79,12,3.22,LK,1680117079
252,teeli,51.0333,90.2333,31.68,84,4,0.94,RU,1680117079
253,rabo de peixe,37.8,-25.5833,60.31,88,40,14.97,PT,1680117079
254,kyren,51.6828,102.1408,34.5,69,4,3.51,RU,1680117080
255,kyle,29.9984,-97.8715,71.1,58,100,8.05,US,1680116913
256,miandrivazo,-19.5167,45.4667,76.59,92,100,2.57,MG,1680116832
257,santa cruz,-17.8,-63.1667,89.65,58,40,25.32,BO,1680117071
258,olga,43.7444,135.2892,28.87,95,10,4.56,RU,1680117080
259,praia da vitoria,38.7333,-27.0667,61.75,88,100,25.41,PT,1680117080
260,xuanhua,40.6103,115.0447,52.75,17,88,1.68,CN,1680117080
261,muros,42.7762,-9.0603,63.09,81,59,16.78,ES,1680117080
262,barcelos,41.5388,-8.6151,64.85,92,93,7.61,PT,1680116859
263,shache,38.4167,77.2406,59.72,16,98,5.99,CN,1680117081
264,santo antonio do monte,-20.0872,-45.2936,76.78,68,69,2.01,BR,1680116887
265,diamantino,-14.4086,-56.4461,83.1,75,80,5.95,BR,1680117018
266,poum,-20.2333,164.0167,78.8,77,100,5.75,NC,1680117081
267,riyadh,24.6877,46.7219,69.94,18,0,7.38,SA,1680116987
268,alofi,-19.0595,-169.9187,81.01,76,100,6.71,NU,1680117081
269,jackson,42.4165,-122.8345,53.74,49,0,5.99,US,1680116828
270,hokitika,-42.7167,170.9667,43.52,71,0,6.11,NZ,1680117081
271,tautira,-17.7333,-149.15,80.65,78,99,6.96,PF,1680117082
272,wagrowiec,52.8084,17.1996,46.15,76,100,8.16,PL,1680117082
273,naze,28.3667,129.4833,59.67,85,100,12.88,JP,1680117082
274,sinnamary,5.3833,-52.95,80.94,74,19,11.95,GF,1680117083
275,manokwari,-0.8667,134.0833,77.14,80,98,2.71,ID,1680117083
276,petauke,-14.2426,31.3253,62.91,96,20,4.7,ZM,1680117083
277,salta,-24.7859,-65.4117,89.58,47,0,1.01,AR,1680117083
278,osakarovka,50.565,72.5692,34.84,95,89,12.84,KZ,1680117083
279,zhizdra,53.746,34.7395,33.44,86,100,8.48,RU,1680117083
280,jalu,29.0331,21.5482,61.92,28,0,9.37,LY,1680117084
281,bonthe,7.5264,-12.505,81.18,78,12,8.61,SL,1680117084
282,san jose,37.3394,-121.895,52.25,86,100,13.0,US,1680116890
283,grindavik,63.8424,-22.4338,43.27,70,75,20.71,IS,1680117085
284,miracatu,-24.2814,-47.4597,86.13,66,62,2.42,BR,1680117054
285,krasnyy chikoy,50.3643,108.7512,29.19,91,96,2.62,RU,1680117085
286,roebourne,-20.7833,117.1333,81.77,79,100,13.35,AU,1680117085
287,sorong,-0.8833,131.25,79.61,79,100,2.37,ID,1680116797
288,salalah,17.0151,54.0924,82.49,61,40,3.44,OM,1680116848
289,tarabuco,-19.1667,-64.9167,64.76,47,59,8.3,BO,1680117085
290,byron bay,-28.65,153.6167,68.7,86,88,5.44,AU,1680117086
291,nanortalik,60.1432,-45.2371,28.6,80,70,4.79,GL,1680117086
292,carnarvon,-24.8667,113.6333,75.13,78,100,6.91,AU,1680117064
293,zomin,39.9606,68.3958,60.46,69,100,5.59,UZ,1680117086
294,lagoa,39.05,-27.9833,60.33,78,100,26.57,PT,1680117086
295,bay saint louis,30.3088,-89.33,65.1,47,100,6.71,US,1680117086
296,ranikhet,29.65,79.4167,50.5,51,67,4.12,IN,1680117086
297,lincoln,40.8,-96.667,44.35,51,0,14.97,US,1680117073
298,qaqortoq,60.7167,-46.0333,26.67,73,17,0.54,GL,1680117087
299,barra do garcas,-15.89,-52.2567,87.67,55,21,5.32,BR,1680117087
300,proti,40.95,24.0,42.03,37,11,4.9,GR,1680117087
301,cabedelo,-6.9811,-34.8339,81.27,74,49,9.62,BR,1680117087
302,corinto,37.9407,22.9573,49.89,42,0,3.24,GR,1680117087
303,umm kaddadah,13.6017,26.6876,78.98,10,5,12.44,SD,1680117088
304,tari,12.4086,4.4914,90.41,9,82,9.22,NG,1680117088
305,port macquarie,-31.4333,152.9167,62.89,80,0,5.66,AU,1680117088
306,otradnoye,59.7775,30.8181,28.45,91,100,8.05,RU,1680117089
307,bubaque,11.2833,-15.8333,77.79,70,9,13.98,GW,1680117089
308,taltal,-25.4,-70.4833,72.25,71,22,5.99,CL,1680117090
309,gorin,51.1983,136.6669,31.78,91,100,3.53,RU,1680117090
310,kijang,35.2442,129.2139,54.36,61,7,4.23,KR,1680117090
311,luderitz,-26.6481,15.1594,63.07,64,0,24.47,NA,1680117091
312,provideniya,64.3833,-173.3,21.69,91,100,14.79,RU,1680117091
313,villa carlos paz,-31.4241,-64.4978,71.89,27,52,8.99,AR,1680117091
314,capaci,38.1711,13.2393,56.8,62,0,6.91,IT,1680117091
315,itarema,-2.9248,-39.9167,82.26,75,22,11.07,BR,1680117092
316,dire,12.2833,-10.9667,96.49,9,15,3.29,ML,1680117092
317,santa maria,-29.6842,-53.8069,90.14,41,99,7.25,BR,1680117093
318,isangel,-19.55,169.2667,76.75,87,68,5.79,VU,1680117093
319,ugoofaaru,5.6667,73.0,83.25,71,74,3.98,MV,1680117093
320,presidencia roque saenz pena,-26.7852,-60.4388,102.0,27,14,11.39,AR,1680117093
321,nakhon si thammarat,8.25,100.0,75.88,85,0,0.6,TH,1680117093
322,nizhniy kuranakh,58.8353,125.4869,-1.46,100,96,3.98,RU,1680117093
323,hamilton,39.1834,-84.5333,58.24,38,20,16.11,US,1680116880
324,kavaratti,10.5669,72.642,81.72,69,31,8.79,IN,1680117094
325,bud,39.447,-86.1758,56.93,46,100,14.25,US,1680117094
326,anshun,26.25,105.9333,48.79,91,100,3.4,CN,1680117094
327,ponferrada,42.5466,-6.5962,60.1,41,6,4.85,ES,1680116944
328,kahului,20.8947,-156.47,78.84,75,20,4.0,US,1680117094
329,pundaguitan,6.3711,126.1689,80.73,76,100,7.85,PH,1680117094
330,ust-nera,64.5667,143.2,12.63,98,100,4.18,RU,1680117094
331,kokstad,-30.5472,29.4241,52.63,93,100,2.75,ZA,1680117094
332,maniitsoq,65.4167,-52.9,20.32,70,8,6.31,GL,1680117095
333,maralal,1.0968,36.698,62.85,73,100,5.59,KE,1680117095
334,baherden,38.4362,57.4316,69.75,41,0,6.71,TM,1680117095
335,pidhorodne,48.5753,35.1068,34.12,74,100,11.65,UA,1680117095
336,victoria point,-27.5833,153.3,69.91,93,100,10.13,AU,1680117095
337,lebu,-37.6167,-73.65,57.06,57,15,16.73,CL,1680117095
338,vardo,70.3705,31.1107,30.18,93,100,32.21,NO,1680117096
339,mandera,3.9366,41.867,87.84,51,13,3.27,KE,1680117096
340,port hardy,50.6996,-127.4199,45.48,57,81,3.09,CA,1680117096
341,grand gaube,-20.0064,57.6608,79.38,74,88,3.0,MU,1680117096
342,goderich,43.7501,-81.7165,33.91,58,100,27.51,CA,1680117096
343,zalantun,48.0,122.7167,36.18,59,63,2.98,CN,1680117097
344,hue,16.4667,107.6,70.02,96,72,0.74,VN,1680117097
345,rajapalaiyam,9.45,77.5667,80.65,75,76,2.15,IN,1680117097
346,zhigansk,66.7697,123.3711,-16.28,100,23,2.86,RU,1680117097
347,saint-pierre,-21.3393,55.4781,78.48,78,75,9.22,RE,1680117097
348,pingliang,35.5392,106.6861,46.71,59,78,3.76,CN,1680117019
349,la orilla,17.9833,-102.2333,86.41,41,100,11.1,MX,1680117097
350,le pradet,43.1066,6.0172,59.59,86,100,6.91,FR,1680117098
351,dingle,10.9995,122.6711,75.56,90,100,6.93,PH,1680117098
352,kamaishi,39.2667,141.8833,42.24,85,7,5.41,JP,1680117098
353,pochutla,15.7432,-96.4661,91.22,41,28,10.94,MX,1680117098
354,acapulco,16.8634,-99.8901,87.62,58,0,8.05,MX,1680117021
355,jiangyou,31.7667,104.7167,57.16,76,100,2.62,CN,1680117098
356,puri,19.8,85.85,81.12,84,6,14.41,IN,1680117099
357,bandar-e lengeh,26.5579,54.8807,72.63,73,0,14.97,IR,1680117099
358,moroni,-11.7022,43.2551,80.24,79,100,3.09,KM,1680117099
359,te anau,-45.4167,167.7167,33.53,96,36,1.45,NZ,1680117099
360,emba,48.8264,58.1442,49.84,70,0,23.49,KZ,1680117099
361,zwedru,6.0667,-8.1281,76.28,86,91,4.88,LR,1680117099
362,san rafael,-34.6177,-68.3301,64.15,30,44,9.57,AR,1680117100
363,tianpeng,30.9866,103.9393,53.6,76,42,3.38,CN,1680117037
364,rantepao,-2.9701,119.8978,65.23,96,78,3.36,ID,1680117100
365,korla,41.7597,86.1469,56.17,17,84,5.03,CN,1680117100
366,marrakesh,31.6315,-8.0083,87.87,22,20,14.97,MA,1680117100
367,axim,4.8699,-2.2405,81.52,82,49,9.71,GH,1680117100
368,vila velha,-20.3297,-40.2925,84.15,70,20,9.22,BR,1680117100
369,rosario,-32.9468,-60.6393,80.51,74,40,13.8,AR,1680117101
370,de-kastri,51.4667,140.7833,28.0,96,100,8.81,RU,1680117101
371,puerto escondido,15.85,-97.0667,86.83,70,0,11.5,MX,1680117101
372,bam,29.106,58.357,68.49,31,5,5.95,IR,1680117101
373,iaciara,-14.0958,-46.6317,90.55,28,93,5.14,BR,1680117101
374,leningradskiy,69.3833,178.4167,11.86,88,100,7.74,RU,1680117101
375,vila,42.0304,-8.1588,52.7,84,91,9.64,PT,1680117102
376,alencon,48.4333,0.0833,54.55,69,100,7.63,FR,1680117102
377,vestmannaeyjar,63.4427,-20.2734,40.98,84,100,32.08,IS,1680117102
378,wairoa,-39.0333,177.3667,51.55,72,77,1.99,NZ,1680117102
379,vrangel,42.7297,133.0839,37.71,91,6,5.08,RU,1680117102
380,margate,51.3813,1.3862,55.87,70,100,4.0,GB,1680117102
381,iskateley,67.6803,53.1512,0.7,96,33,5.64,RU,1680117102
382,baikunthpur,23.25,82.55,76.06,32,17,6.33,IN,1680117103
383,domoni,-12.2569,44.5319,81.0,80,100,1.21,KM,1680117103
384,yurla,59.3259,54.3223,18.37,92,59,4.38,RU,1680117103
385,segamat,2.5148,102.8158,73.36,96,67,3.58,MY,1680117103
386,hayden,47.766,-116.7866,51.49,36,75,16.11,US,1680116826
387,banda aceh,5.5577,95.3222,78.8,79,64,5.17,ID,1680117104
388,buala,-8.145,159.5921,78.73,84,100,5.44,SB,1680117104
389,puerto rondon,6.2805,-71.1,91.71,37,48,9.44,CO,1680117104
390,saint-georges,12.0564,-61.7485,83.88,65,75,20.71,GD,1680117105
391,dudinka,69.4058,86.1778,-13.94,98,99,4.21,RU,1680117105
392,akdepe,42.0551,59.3788,57.29,36,3,5.82,TM,1680117105
393,bemidji,47.4736,-94.8803,25.92,38,0,14.97,US,1680117105
394,bereda,43.2686,-7.5406,60.58,80,42,10.0,ES,1680117105
395,mangrol,21.1167,70.1167,75.02,80,0,9.1,IN,1680117106
396,charagua,-19.8,-63.2167,89.17,44,32,13.65,BO,1680117106
397,lata,40.1629,-8.3327,57.38,72,1,3.8,PT,1680117106
398,marawi,7.9986,124.2928,67.95,95,100,1.12,PH,1680117107
399,murray bridge,-35.1167,139.2667,57.13,69,100,5.53,AU,1680117107
400,xining,36.6167,101.7667,44.44,49,100,1.43,CN,1680117107
401,duartina,-22.4144,-49.4039,81.81,68,50,4.34,BR,1680117107
402,chukhloma,58.7525,42.6825,34.56,86,100,11.48,RU,1680117108
403,le passage,44.2014,0.6028,71.74,49,0,11.5,FR,1680117108
404,black forest,39.0131,-104.7008,57.74,21,0,19.57,US,1680116877
405,pamyat parizhskoy kommuny,56.1048,44.4952,39.15,80,100,11.03,RU,1680117108
406,quatre cocos,-20.2078,57.7625,79.09,80,100,14.05,MU,1680117108
407,kaka,37.3482,59.6143,66.83,48,0,5.95,TM,1680117108
408,nandyal,15.4833,78.4833,83.37,61,69,5.06,IN,1680117109
409,brae,60.3964,-1.353,42.87,92,100,28.88,GB,1680117109
410,panukulan,14.9333,121.8144,77.49,81,100,8.75,PH,1680117109
411,nemuro,43.3236,145.575,34.81,91,0,4.43,JP,1680117109
412,aykhal,66.0,111.5,-1.21,99,100,5.88,RU,1680117110
413,kinablangan,7.6947,126.5503,77.18,86,100,5.39,PH,1680117110
414,detva,48.5608,19.4195,34.56,69,100,2.48,SK,1680117110
415,santa fe,-31.6333,-60.7,85.01,78,84,5.99,AR,1680117110
416,killybegs,54.6333,-8.45,53.31,86,100,12.75,IE,1680117111
417,kattivakkam,13.2167,80.3167,83.07,84,27,10.76,IN,1680117111
418,fort nelson,58.8053,-122.7002,32.95,76,100,5.01,CA,1680117111
419,shingu,33.7333,135.9833,47.52,64,100,5.7,JP,1680117111
420,haines junction,60.7522,-137.5108,23.97,87,100,0.49,CA,1680117111
421,bhadasar,28.2833,74.3167,78.33,37,100,9.91,IN,1680116826
422,robe,-37.1833,139.75,59.29,73,4,13.09,AU,1680117112
423,road town,18.4167,-64.6167,82.49,57,20,10.36,VG,1680117112
424,muscat,23.6139,58.5922,75.22,47,0,8.46,OM,1680117112
425,tarakan,3.3,117.6333,78.94,85,100,5.57,ID,1680117112
426,luau,-10.7073,22.2247,65.89,93,92,0.83,AO,1680117112
427,ocos,14.5094,-92.1933,91.58,66,0,11.97,GT,1680117113
428,talcahuano,-36.7167,-73.1167,64.08,52,0,14.97,CL,1680117113
429,mayor pablo lagerenza,-19.9309,-60.7718,97.45,34,18,14.83,PY,1680117113
430,dzhubga,44.3211,38.7039,38.12,89,100,7.0,RU,1680117113
431,sept-iles,50.2001,-66.3821,34.05,87,51,3.0,CA,1680117113
432,kenitra,34.261,-6.5802,72.36,73,5,6.58,MA,1680117113
433,progreso,21.2833,-89.6667,96.12,48,74,13.2,MX,1680117088
434,nacala,-14.5428,40.6728,73.71,93,76,6.06,MZ,1680117113
435,shahr-e kord,32.3256,50.8644,50.0,56,0,4.92,IR,1680117114
436,vila franca do campo,37.7167,-25.4333,61.21,83,99,13.6,PT,1680117114
437,gull lake,50.1001,-108.4847,29.07,68,14,4.99,CA,1680117114
438,monster,52.0258,4.175,58.01,84,100,8.05,NL,1680117115
439,maraba,-5.3686,-49.1178,78.98,94,40,3.44,BR,1680117115
440,ahipara,-35.1667,173.1667,50.41,75,100,5.35,NZ,1680117115
441,khao yoi,13.2403,99.8243,79.36,74,18,5.03,TH,1680116947
442,uruzgan,32.8333,66.0,47.48,80,17,1.32,AF,1680117115
443,caravelas,-17.7125,-39.2481,83.16,55,0,8.19,BR,1680117115
444,owando,-0.4819,15.8999,72.18,94,100,1.9,CG,1680117115
445,hassleholm,56.1591,13.7664,42.58,98,100,4.27,SE,1680117116
446,port lincoln,-34.7333,135.8667,59.76,79,53,6.29,AU,1680117116
447,ebolowa,2.9,11.15,69.15,97,100,1.61,CM,1680117116
448,chingirlau,51.095,54.0814,42.82,80,6,21.07,KZ,1680117116
449,waddan,29.1614,16.139,64.74,36,0,13.76,LY,1680117116
450,hobyo,5.3505,48.5268,82.18,73,21,9.28,SO,1680117116
451,mae hong son,19.3003,97.9685,71.51,44,20,1.25,TH,1680117117
452,rio grande,-32.035,-52.0986,93.31,53,29,9.13,BR,1680117117
453,buluang,13.3068,123.3425,74.23,94,100,3.0,PH,1680117117
454,marzuq,14.4,46.4667,75.85,63,79,3.62,YE,1680117117
455,portland,45.5234,-122.6762,56.05,81,75,4.61,US,1680117102
456,luwingu,-10.2621,29.9271,62.11,98,74,2.26,ZM,1680117117
457,sangueya,10.7,-14.3667,79.36,63,7,9.26,GN,1680117117
458,lashio,22.9333,97.75,61.47,53,1,0.96,MM,1680117118
459,arys,42.4252,68.795,59.52,67,44,4.97,KZ,1680117118
460,mokhsogollokh,61.4681,128.9203,10.4,95,100,4.16,RU,1680117118
461,kapit,2.0167,112.9333,73.4,100,100,1.52,MY,1680117118
462,nyurba,63.2842,118.3319,6.13,93,100,6.38,RU,1680117118
463,anage,-14.6122,-41.1356,92.89,27,2,5.84,BR,1680117118
464,apartado,7.883,-76.6259,82.9,78,58,7.61,CO,1680117118
465,pueblo bello,8.2041,-76.526,83.75,70,84,7.16,CO,1680117119
466,la romana,18.4273,-68.9728,89.96,62,20,17.27,DO,1680117119
467,ostrovnoy,68.0531,39.5131,26.06,89,100,23.49,RU,1680117119
468,bonavista,48.6499,-53.1147,30.52,94,100,15.61,CA,1680117119
469,kisangani,0.5167,25.2,72.21,90,83,2.48,CD,1680117120
470,jacmel,18.2342,-72.5347,87.64,54,13,7.99,HT,1680117120
471,port hawkesbury,45.6169,-61.3485,38.17,90,100,11.01,CA,1680117120
472,viedma,-40.8135,-62.9967,59.76,18,0,15.93,AR,1680117120
473,novovarshavka,54.1721,74.6946,25.68,85,76,15.86,RU,1680117120
474,bara,10.3744,10.7288,86.13,8,100,6.71,NG,1680116901
475,ranong,9.9658,98.6348,76.66,89,44,3.09,TH,1680117120
476,kutum,14.2,24.6667,76.93,14,50,10.69,SD,1680117121
477,mbandaka,0.0487,18.2603,73.44,95,100,3.71,CD,1680117121
478,kedrovyy,56.1667,91.8167,46.81,94,100,8.86,RU,1680117121
479,prince rupert,54.3161,-130.3201,44.96,70,31,3.18,CA,1680117073
480,fare,-16.7,-151.0167,82.06,75,61,10.16,PF,1680117122
481,kurgunta,17.2,77.35,86.34,23,13,2.62,IN,1680117122
482,bangui,4.3612,18.555,74.93,78,100,1.05,CF,1680117122
483,san francisco,37.7749,-122.4194,52.39,85,100,14.97,US,1680117045
484,lachute,45.6501,-74.3325,48.45,67,100,15.79,CA,1680117026
485,borovoy,55.4333,86.0833,40.28,87,0,6.71,RU,1680117115
486,acari,-15.4311,-74.6158,83.66,62,70,11.34,PE,1680117123
487,ballina,-28.8667,153.5667,68.77,86,86,7.7,AU,1680117123
488,kumeny,58.1089,49.9161,25.84,85,46,12.53,RU,1680117123
489,wasilla,61.5814,-149.4394,34.21,75,0,1.01,US,1680117124
490,mahibadhoo,3.7833,72.9667,81.84,76,7,5.99,MV,1680117124
491,pangnirtung,66.1451,-65.7125,10.85,95,100,4.5,CA,1680117124
492,kalabo,-14.97,22.6814,74.12,68,100,2.66,ZM,1680117124
493,bosaso,11.2842,49.1816,82.62,75,28,3.62,SO,1680117125
494,nishihara,26.1842,127.7558,67.66,82,75,17.27,JP,1680117125
495,lorengau,-2.0226,147.2712,79.86,80,90,4.52,PG,1680117125
496,inongo,-1.95,18.2667,75.81,90,93,7.29,CD,1680117125
497,mozarlandia,-14.7447,-50.5706,87.62,53,7,6.71,BR,1680117079
498,buta,2.7858,24.73,69.93,98,47,2.3,CD,1680117126
499,sidmouth,50.6909,-3.2397,54.5,96,75,11.5,GB,1680116699
500,seoul,37.5683,126.9778,40.44,35,0,0.83,KR,1680116957
501,prince george,53.9166,-122.753,37.29,46,100,1.01,CA,1680117126
502,pangody,65.85,74.4859,3.92,95,94,15.39,RU,1680117126
503,nioro,13.35,-15.75,92.17,19,1,14.54,GM,1680117126
504,metro,-5.1131,105.3067,74.23,96,83,3.31,ID,1680117127
505,cutro,39.0353,16.9819,47.61,53,17,6.71,IT,1680117127
506,makakilo city,21.3469,-158.0858,79.12,79,20,17.27,US,1680117127
507,surt,31.2089,16.5887,59.07,60,0,13.53,LY,1680117128
508,kashiwa,35.8544,139.9689,53.42,77,92,7.87,JP,1680117128
509,flinders,-34.5833,150.8552,60.26,79,18,3.0,AU,1680117128
510,jining,35.405,116.5814,50.45,80,100,6.98,CN,1680117128
511,lamu,-2.2717,40.902,82.62,77,7,10.33,KE,1680117128
512,petropavlovka,50.6114,105.3196,39.25,62,10,2.55,RU,1680117128
513,kayerkan,69.3497,87.7602,-19.66,100,100,2.04,RU,1680117129
514,necochea,-38.5473,-58.7368,61.9,45,3,18.52,AR,1680117130
515,luganville,-15.5333,167.1667,77.07,86,98,1.12,VU,1680117130
516,bay-khaak,51.1667,94.5,20.88,78,26,4.63,RU,1680117130
517,longonjo,-12.9067,15.2533,65.98,92,100,2.68,AO,1680116988
518,barabinsk,55.3571,78.357,25.7,76,100,16.06,RU,1680117130
519,dalnerechensk,45.9339,133.7225,44.01,56,100,18.7,RU,1680117080
520,areia branca,-4.9561,-37.1369,81.97,77,100,12.84,BR,1680117131
521,ngunguru,-35.6167,174.5,52.39,70,89,9.89,NZ,1680116889
522,maun,-19.9833,23.4167,73.4,62,75,3.6,BW,1680117131
523,javanrud,34.7961,46.5172,48.33,64,0,3.13,IR,1680117131
524,white center,47.5173,-122.3549,58.23,46,100,11.99,US,1680117131
525,guiglo,6.5456,-7.4966,80.67,71,100,1.03,CI,1680117132
526,komsomolskiy,40.4272,71.7189,61.52,48,100,6.91,UZ,1680117132
527,lyngseidet,69.5763,20.2189,24.8,78,100,8.01,NO,1680117132
528,san quintin,30.4833,-115.95,62.11,51,0,12.8,MX,1680117132
529,aripuana,-9.1667,-60.6333,81.0,89,100,1.1,BR,1680117132
530,myitkyina,25.3833,97.4,64.24,61,20,2.24,MM,1680117132
531,srednekolymsk,67.45,153.6833,-12.91,99,99,5.26,RU,1680117133
532,spassk-ryazanskiy,54.4072,40.3806,44.49,80,100,9.55,RU,1680117133
533,monrovia,6.3005,-10.7969,78.57,82,33,5.19,LR,1680117073
534,moba,33.2288,105.0179,42.82,92,98,4.79,CN,1680117133
535,westerland,54.9079,8.3033,45.01,100,100,9.22,DE,1680117134
536,hami,42.8,93.45,57.47,11,64,5.41,CN,1680117134
